{
    "CompleterNpc": "Влэйлам",
    "NextQuestId": -1,
    "RandomReward": 0b,
    "QuestRepeat": 0,
    "QuestCompletion": 0,
    "IgnoreNBT": 0b,
    "Title": "Бинты за дробовик",
    "Text": "В полицейском участке сидит паренек истекающий кровью, он сказал что ему нужны бинты, взамен он отдаст мне дробовик",
    "QuestFactionPoints": {
        "DecreaseFaction1Points": 1b,
        "OptionFaction2Points": 100,
        "OptionFactions1": 3,
        "OptionFactions2": -1,
        "OptionFaction1Points": 10,
        "DecreaseFaction2Points": 0b
    },
    "RewardExp": 0,
    "QuestCommand": "execute as @dp run function tcz_quest_functions:vlaylam/first_quest_end_sg",
    "ModRev": 18,
    "Type": 0,
    "QuestMail": {
        "Sender": "",
        "BeenRead": 0b,
        "Message": {
        },
        "MailItems": [
        ],
        "MailQuest": -1,
        "TimePast": 1653050095751L,
        "Time": 0L,
        "Subject": ""
    },
    "IgnoreDamage": 0b,
    "Rewards": {
        "NpcMiscInv": [
            {
                "Slot": 0b,
                "ForgeCaps": {
                    "customnpcs:itemscripteddata": {
                    }
                },
                "id": "cgm:shotgun",
                "Count": 1b,
                "tag": {
                    "AmmoCount": 8
                }
            }
        ]
    },
    "Items": {
        "NpcMiscInv": [
            {
                "Slot": 0b,
                "ForgeCaps": {
                    "customnpcs:itemscripteddata": {
                    }
                },
                "id": "firstaid:bandage",
                "Count": 1b
            }
        ]
    },
    "LeaveItems": 0b,
    "CompleteText": "Держи дробовик, ты его заслужил, спасибо."
}
