{
    "CompleterNpc": "Влэйлам",
    "NextQuestId": -1,
    "RandomReward": 0b,
    "QuestRepeat": 0,
    "QuestCompletion": 0,
    "IgnoreNBT": 0b,
    "Title": "Бинты незнакомцу",
    "Text": "В полицейском участке сидит истекающий кровью паренек, я должен ему принести бинтов",
    "QuestFactionPoints": {
        "DecreaseFaction1Points": 0b,
        "OptionFaction2Points": 100,
        "OptionFactions1": 3,
        "OptionFactions2": -1,
        "OptionFaction1Points": 20,
        "DecreaseFaction2Points": 0b
    },
    "RewardExp": 0,
    "QuestCommand": "execute as @dp run function tcz_quest_functions:vlaylam/first_quest_end",
    "ModRev": 18,
    "Type": 0,
    "QuestMail": {
        "Sender": "",
        "BeenRead": 0b,
        "Message": {
        },
        "MailItems": [
        ],
        "MailQuest": -1,
        "TimePast": 1653049844494L,
        "Time": 0L,
        "Subject": ""
    },
    "IgnoreDamage": 0b,
    "Rewards": {
        "NpcMiscInv": [
        ]
    },
    "Items": {
        "NpcMiscInv": [
            {
                "Slot": 0b,
                "ForgeCaps": {
                    "customnpcs:itemscripteddata": {
                    }
                },
                "id": "firstaid:bandage",
                "Count": 1b
            }
        ]
    },
    "LeaveItems": 0b,
    "CompleteText": "Спасибо! Ты спас мне жизнь! В вентиляции оружейного склада спрятан мой тайник, можешь забирать!"
}
