{
    "CompleterNpc": "Влэйлам",
    "NextQuestId": -1,
    "RandomReward": 0b,
    "QuestRepeat": 0,
    "QuestCompletion": 0,
    "Title": "Мозговыносящие приключения! (НЕЙТР)",
    "Text": "Убить 10 зомби неподалеку от Влэйлама за 2 обоймы патронов и автомат",
    "QuestFactionPoints": {
        "DecreaseFaction1Points": 0b,
        "OptionFaction2Points": 100,
        "OptionFactions1": 3,
        "OptionFactions2": -1,
        "OptionFaction1Points": 20,
        "DecreaseFaction2Points": 0b
    },
    "RewardExp": 0,
    "QuestCommand": "execute as @dp run function tcz_quest_functions:vlaylam/zombie_quest_end",
    "QuestDialogs": [
        {
            "Value": 10,
            "Slot": "minecraft:zombie"
        }
    ],
    "ModRev": 18,
    "Type": 2,
    "QuestMail": {
        "Sender": "",
        "BeenRead": 0b,
        "Message": {
        },
        "MailItems": [
        ],
        "MailQuest": -1,
        "TimePast": 1653098861453L,
        "Time": 0L,
        "Subject": ""
    },
    "Rewards": {
        "NpcMiscInv": [
            {
                "Slot": 0b,
                "ForgeCaps": {
                    "customnpcs:itemscripteddata": {
                    }
                },
                "id": "cgm:basic_bullet",
                "Count": 40b
            },
            {
                "Slot": 1b,
                "ForgeCaps": {
                    "customnpcs:itemscripteddata": {
                    }
                },
                "id": "cgm:assault_rifle",
                "Count": 1b,
                "tag": {
                    "AmmoCount": 40
                }
            }
        ]
    },
    "CompleteText": "Видел как ты их убил, теперь мне гораздо спокойнее, спасибо. Держи!"
}
