{
    "DialogShowWheel": 0b,
    "AvailabilityQuestId": -1,
    "Options": [
        {
            "OptionSlot": 0,
            "Option": {
                "DialogCommand": "",
                "Dialog": 35,
                "Title": "Так-то лучше! Что тебе нужно?",
                "DialogColor": 15921906,
                "OptionType": 1
            }
        },
        {
            "OptionSlot": 1,
            "Option": {
                "DialogCommand": "",
                "Dialog": -1,
                "Title": "Не хочу",
                "DialogColor": 14224140,
                "OptionType": 0
            }
        }
    ],
    "AvailabilityScoreboardType": 1,
    "DialogHideNPC": 0b,
    "AvailabilityFactionStance": 0,
    "AvailabilityScoreboard2Value": 1,
    "DialogId": 36,
    "AvailabilityQuest": 0,
    "AvailabilityDialog4": 0,
    "AvailabilityScoreboardObjective": "",
    "AvailabilityDialog3": 0,
    "AvailabilityQuest2": 0,
    "AvailabilityQuest3": 0,
    "AvailabilityScoreboard2Objective": "",
    "AvailabilityQuest4": 0,
    "ModRev": 18,
    "DecreaseFaction1Points": 0b,
    "DialogQuest": -1,
    "AvailabilityDialog2": 0,
    "OptionFactions1": -1,
    "AvailabilityDayTime": 0,
    "OptionFactions2": -1,
    "AvailabilityFaction2Id": -1,
    "OptionFaction1Points": 100,
    "AvailabilityScoreboardValue": 1,
    "DialogDisableEsc": 0b,
    "AvailabilityFaction": 0,
    "DialogTitle": "LeaveRoot_Start",
    "AvailabilityDialog": 0,
    "AvailabilityScoreboard2Type": 1,
    "AvailabilityFaction2": 0,
    "DialogSound": "quests:odob.FirstMeet.LR_Start",
    "AvailabilityFactionId": -1,
    "AvailabilityFaction2Stance": 0,
    "DialogCommand": "execute as @dp run function tcz_quest_functions:common/common_dialog",
    "AvailabilityDialogId": -1,
    "OptionFaction2Points": 100,
    "DialogText": "Нет, подожди... Можешь помочь?",
    "AvailabilityQuest4Id": -1,
    "AvailabilityQuest3Id": -1,
    "AvailabilityQuest2Id": -1,
    "AvailabilityDialog2Id": -1,
    "AvailabilityDialog3Id": -1,
    "AvailabilityDialog4Id": -1,
    "AvailabilityMinPlayerLevel": 0,
    "DecreaseFaction2Points": 0b,
    "DialogMail": {
        "Sender": "",
        "BeenRead": 0b,
        "Message": {
        },
        "MailItems": [
        ],
        "MailQuest": -1,
        "TimePast": 1652726297240L,
        "Time": 0L,
        "Subject": ""
    }
}
