{
    "CompleterNpc": "Шурик",
    "NextQuestId": -1,
    "RandomReward": 0b,
    "QuestRepeat": 0,
    "QuestCompletion": 0,
    "IgnoreNBT": 1b,
    "Title": "Фляга?!",
    "Text": "ФЛЯГА... ТЕПЕРЬ ЕМУ НУЖНА ФЛЯГА!",
    "QuestFactionPoints": {
        "DecreaseFaction1Points": 0b,
        "OptionFaction2Points": 100,
        "OptionFactions1": -1,
        "OptionFactions2": -1,
        "OptionFaction1Points": 100,
        "DecreaseFaction2Points": 0b
    },
    "RewardExp": 0,
    "QuestCommand": "",
    "ModRev": 18,
    "Type": 0,
    "QuestMail": {
        "Sender": "",
        "BeenRead": 0b,
        "Message": {
        },
        "MailItems": [
        ],
        "MailQuest": -1,
        "TimePast": 1652967206089L,
        "Time": 0L,
        "Subject": ""
    },
    "IgnoreDamage": 1b,
    "Rewards": {
        "NpcMiscInv": [
            {
                "Slot": 0b,
                "ForgeCaps": {
                    "customnpcs:itemscripteddata": {
                    }
                },
                "id": "minecraft:iron_ingot",
                "Count": 5b
            }
        ]
    },
    "Items": {
        "NpcMiscInv": [
            {
                "Slot": 0b,
                "ForgeCaps": {
                    "customnpcs:itemscripteddata": {
                    }
                },
                "id": "toughasnails:empty_canteen",
                "Count": 1b
            }
        ]
    },
    "LeaveItems": 0b,
    "CompleteText": "Наконец-то есть где хранить напитки, спасибо!"
}
