{
    "CompleterNpc": "Шурик",
    "NextQuestId": -1,
    "RandomReward": 0b,
    "QuestRepeat": 0,
    "QuestCompletion": 0,
    "Title": "Конь?",
    "Text": "Один странный парень засел в лавке и требует коня чтоб он смог мне доверять, думаю он не поверит пока лично его не увидит",
    "QuestFactionPoints": {
        "DecreaseFaction1Points": 0b,
        "OptionFaction2Points": 100,
        "OptionFactions1": -1,
        "OptionFactions2": -1,
        "OptionFaction1Points": 100,
        "DecreaseFaction2Points": 0b
    },
    "RewardExp": 0,
    "QuestCommand": "",
    "QuestDialogs": [
        {
            "Integer": 67,
            "Slot": 0
        }
    ],
    "ModRev": 18,
    "Type": 1,
    "QuestMail": {
        "Sender": "",
        "BeenRead": 0b,
        "Message": {
        },
        "MailItems": [
        ],
        "MailQuest": -1,
        "TimePast": 1653360560848L,
        "Time": 0L,
        "Subject": ""
    },
    "Rewards": {
        "NpcMiscInv": [
        ]
    },
    "CompleteText": "Скакун что надо! Спасибо!"
}
