{
    "CompleterNpc": "Настя",
    "NextQuestId": -1,
    "RandomReward": 0b,
    "QuestRepeat": 0,
    "QuestCompletion": 0,
    "IgnoreNBT": 1b,
    "Title": "Вернуть дробовик",
    "Text": "",
    "QuestFactionPoints": {
        "DecreaseFaction1Points": 0b,
        "OptionFaction2Points": 100,
        "OptionFactions1": -1,
        "OptionFactions2": -1,
        "OptionFaction1Points": 100,
        "DecreaseFaction2Points": 0b
    },
    "RewardExp": 0,
    "QuestCommand": "execute as @dp run function tcz_quest_functions:odobunny/first_quest_end",
    "ModRev": 18,
    "Type": 0,
    "QuestMail": {
        "Sender": "",
        "BeenRead": 0b,
        "Message": {
        },
        "MailItems": [
        ],
        "MailQuest": -1,
        "TimePast": 1652963007159L,
        "Time": 0L,
        "Subject": ""
    },
    "IgnoreDamage": 1b,
    "Rewards": {
        "NpcMiscInv": [
        ]
    },
    "Items": {
        "NpcMiscInv": [
            {
                "Slot": 0b,
                "ForgeCaps": {
                    "customnpcs:itemscripteddata": {
                    }
                },
                "id": "cgm:shotgun",
                "Count": 1b,
                "tag": {
                    "AmmoCount": 8
                }
            }
        ]
    },
    "LeaveItems": 0b,
    "CompleteText": "О, это же мой дробовик!!! Спасибо тебе большое!"
}
