{
    "DialogShowWheel": 0b,
    "AvailabilityQuestId": 6,
    "Options": [
        {
            "OptionSlot": 0,
            "Option": {
                "DialogCommand": "",
                "Dialog": 55,
                "Title": "Поговорим о награде",
                "DialogColor": 15921906,
                "OptionType": 1
            }
        },
        {
            "OptionSlot": 1,
            "Option": {
                "DialogCommand": "",
                "Dialog": 50,
                "Title": "Возможно позже",
                "DialogColor": 11447982,
                "OptionType": 1
            }
        }
    ],
    "AvailabilityScoreboardType": 1,
    "DialogHideNPC": 0b,
    "AvailabilityFactionStance": 0,
    "AvailabilityScoreboard2Value": 1,
    "DialogId": 51,
    "AvailabilityQuest": 2,
    "AvailabilityDialog4": 0,
    "AvailabilityScoreboardObjective": "",
    "AvailabilityDialog3": 0,
    "AvailabilityQuest2": 2,
    "AvailabilityQuest3": 2,
    "AvailabilityScoreboard2Objective": "",
    "AvailabilityQuest4": 0,
    "ModRev": 18,
    "DecreaseFaction1Points": 0b,
    "DialogQuest": -1,
    "AvailabilityDialog2": 0,
    "OptionFactions1": -1,
    "AvailabilityDayTime": 0,
    "OptionFactions2": -1,
    "AvailabilityFaction2Id": -1,
    "OptionFaction1Points": 100,
    "AvailabilityScoreboardValue": 1,
    "DialogDisableEsc": 0b,
    "AvailabilityFaction": 0,
    "DialogTitle": "ZombieQuest_Start",
    "AvailabilityDialog": 0,
    "AvailabilityScoreboard2Type": 1,
    "AvailabilityFaction2": 0,
    "DialogSound": "quests:vlay.SecondMeet.ZombieQuest_Start",
    "AvailabilityFactionId": -1,
    "AvailabilityFaction2Stance": 0,
    "DialogCommand": "",
    "AvailabilityDialogId": -1,
    "OptionFaction2Points": 100,
    "DialogText": "На самом деле меня очень пугает огромное количество зомби в городе, если ты с этим разберешься то очень мне поможешь!",
    "AvailabilityQuest4Id": -1,
    "AvailabilityQuest3Id": 7,
    "AvailabilityQuest2Id": 8,
    "AvailabilityDialog2Id": -1,
    "AvailabilityDialog3Id": -1,
    "AvailabilityDialog4Id": -1,
    "AvailabilityMinPlayerLevel": 0,
    "DecreaseFaction2Points": 0b,
    "DialogMail": {
        "Sender": "",
        "BeenRead": 0b,
        "Message": {
        },
        "MailItems": [
        ],
        "MailQuest": -1,
        "TimePast": 1653051554539L,
        "Time": 0L,
        "Subject": ""
    }
}
