{
    "DialogShowWheel": 0b,
    "AvailabilityQuestId": -1,
    "Options": [
        {
            "OptionSlot": 0,
            "Option": {
                "DialogCommand": "",
                "Dialog": 12,
                "Title": "[Квест] Я постараюсь их найти!",
                "DialogColor": 15258745,
                "OptionType": 1
            }
        },
        {
            "OptionSlot": 1,
            "Option": {
                "DialogCommand": "",
                "Dialog": 8,
                "Title": "[Знание] Отдай дробовик, ты его нагло украл!",
                "DialogColor": 5956072,
                "OptionType": 1
            }
        },
        {
            "OptionSlot": 2,
            "Option": {
                "DialogCommand": "",
                "Dialog": 5,
                "Title": "Я дам тебе бинты если ты мне отдашь дробовик!",
                "DialogColor": 16777215,
                "OptionType": 1
            }
        },
        {
            "OptionSlot": 3,
            "Option": {
                "DialogCommand": "",
                "Dialog": 6,
                "Title": "Прости, я не в той ситуации чтоб кому-то помогать",
                "DialogColor": 16777215,
                "OptionType": 1
            }
        },
        {
            "OptionSlot": 4,
            "Option": {
                "DialogCommand": "",
                "Dialog": -1,
                "Title": "Закрыть",
                "DialogColor": 14224140,
                "OptionType": 0
            }
        }
    ],
    "AvailabilityScoreboardType": 1,
    "DialogHideNPC": 0b,
    "AvailabilityFactionStance": 0,
    "AvailabilityScoreboard2Value": 1,
    "DialogId": 4,
    "AvailabilityQuest": 0,
    "AvailabilityDialog4": 0,
    "AvailabilityScoreboardObjective": "",
    "AvailabilityDialog3": 0,
    "AvailabilityQuest2": 0,
    "AvailabilityQuest3": 0,
    "AvailabilityScoreboard2Objective": "",
    "AvailabilityQuest4": 0,
    "ModRev": 18,
    "DecreaseFaction1Points": 0b,
    "DialogQuest": -1,
    "AvailabilityDialog2": 0,
    "OptionFactions1": -1,
    "AvailabilityDayTime": 0,
    "OptionFactions2": -1,
    "AvailabilityFaction2Id": -1,
    "OptionFaction1Points": 100,
    "AvailabilityScoreboardValue": 1,
    "DialogDisableEsc": 1b,
    "AvailabilityFaction": 0,
    "DialogTitle": "FirstMeetStart",
    "AvailabilityDialog": 0,
    "AvailabilityScoreboard2Type": 1,
    "AvailabilityFaction2": 0,
    "DialogSound": "quests:vlay.FirstMeet.Start",
    "AvailabilityFactionId": -1,
    "AvailabilityFaction2Stance": 0,
    "DialogCommand": "execute as @dp run function tcz_quest_functions:vlaylam/meet",
    "AvailabilityDialogId": -1,
    "OptionFaction2Points": 100,
    "DialogText": "*Крик от боли*, выживший! Дай бинты, пожалуйста!!",
    "AvailabilityQuest4Id": -1,
    "AvailabilityQuest3Id": -1,
    "AvailabilityQuest2Id": -1,
    "AvailabilityDialog2Id": -1,
    "AvailabilityDialog3Id": -1,
    "AvailabilityDialog4Id": -1,
    "AvailabilityMinPlayerLevel": 0,
    "DecreaseFaction2Points": 0b,
    "DialogMail": {
        "Sender": "",
        "BeenRead": 0b,
        "Message": {
        },
        "MailItems": [
        ],
        "MailQuest": -1,
        "TimePast": 1653048791036L,
        "Time": 0L,
        "Subject": ""
    }
}
