{"stats":{"minecraft:crafted":{"minecraft:torch":16},"minecraft:dropped":{"minecraft:oak_door":1,"minecraft:oak_planks":1,"realistictorches:matchbox":15,"toughasnails:purified_water_bottle":1,"minecraft:iron_door":1,"shelf:polished_diorite_shelf":1},"minecraft:mined":{"minecraft:wall_torch":1},"minecraft:picked_up":{"shelf:polished_diorite_shelf":2,"cgm:basic_bullet":12,"minecraft:wheat":1,"minecraft:black_carpet":1,"minecraft:feather":6,"minecraft:azure_bluet":3,"cfm:oak_crate":113,"minecraft:redstone_block":1,"minecraft:iron_door":5,"minecraft:redstone_lamp":1,"minecraft:structure_block":4,"minecraft:brown_mushroom":1,"minecraft:potato":8,"minecraft:mushroom_stew":9,"toughasnails:purified_water_bottle":24,"minecraft:cornflower":3,"minecraft:string":5,"minecraft:paper":69,"minecraft:bone":1,"minecraft:oak_sign":2,"minecraft:apple":15,"minecraft:sea_pickle":3,"minecraft:wheat_seeds":6,"realistictorches:matchbox":27,"cfm:oak_bedside_cabinet":64,"securitycraft:security_camera":1,"minecraft:poppy":2,"cfm:stripped_oak_chair":2,"firstaid:plaster":6,"minecraft:oak_door":4,"minecraft:dandelion":1,"cgm:pistol":2,"minecraft:light_gray_concrete":1,"minecraft:rotten_flesh":211,"minecraft:beetroot_seeds":4,"minecraft:black_concrete":1,"cfm:oak_desk_cabinet":63,"realistictorches:unlit_torch":5,"minecraft:cyan_terracotta":3,"minecraft:saddle":1,"minecraft:gold_ingot":4,"minecraft:bread":36,"securitycraft:door_indestructible_iron_item":2,"minecraft:melon_seeds":3,"minecraft:red_concrete":6},"minecraft:used":{"minecraft:oak_fence":7,"minecraft:water_bucket":2,"securitycraft:projector":1,"minecraft:iron_bars":22,"minecraft:jigsaw":414,"cfm:oak_park_bench":6,"minecraft:red_concrete":24,"minecraft:redstone":8,"minecraft:oak_planks":53,"minecraft:ladder":4,"minecraft:oak_sign":9,"minecraft:black_carpet":2,"minecraft:chest":2,"securitycraft:panic_button":2,"minecraft:stone":716,"minecraft:zombie_spawn_egg":43,"minecraft:redstone_block":1,"minecraft:structure_void":198,"securitycraft:security_camera":1,"minecraft:cobblestone_slab":9,"vehicle:vehicle_crate":2,"minecraft:grass":3,"minecraft:structure_block":290,"mutantbeasts:mutant_zombie_spawn_egg":1,"minecraft:oak_door":2,"cfm:oak_kitchen_drawer":3,"minecraft:torch":1,"minecraft:anvil":4,"minecraft:vine":132,"minecraft:oak_slab":21,"minecraft:tnt":9,"minecraft:crafting_table":1,"cfm:oak_kitchen_sink_light":3,"cfm:oak_desk":13,"minecraft:yellow_concrete":41,"minecraft:white_bed":4,"cfm:andesite_table":8,"minecraft:gray_concrete":20,"minecraft:granite":21,"minecraft:fern":4,"minecraft:redstone_torch":1,"minecraft:gray_terracotta":7,"minecraft:black_concrete":221,"cfm:oak_table":2,"minecraft:lever":17,"minecraft:flower_pot":3,"cfm:door_mat":3,"minecraft:cyan_terracotta":2,"cfm:oak_bedside_cabinet":12,"cfm:oak_crate":21,"minecraft:command_block":11,"cfm:white_sofa":9,"realistictorches:lit_torch":4,"minecraft:lantern":2,"minecraft:grass_block":179,"minecraft:oak_button":1,"cfm:stripped_oak_chair":15,"cfm:white_cooler":2,"minecraft:stone_slab":12,"cfm:diorite_desk":5,"minecraft:spruce_trapdoor":4,"minecraft:gray_concrete_powder":238,"minecraft:iron_door":22,"minecraft:stone_bricks":48,"minecraft:item_frame":1,"minecraft:repeater":2,"cfm:oak_desk_cabinet":18,"cfm:stripped_oak_table":8,"minecraft:cobblestone":65,"minecraft:redstone_lamp":10,"minecraft:lime_concrete":588,"minecraft:tall_grass":7,"securitycraft:motion_activated_light":1,"toughasnails:purified_water_bottle":1,"minecraft:oak_sapling":7,"minecraft:podzol":27,"shelf:polished_diorite_shelf":45,"minecraft:glass_pane":14,"minecraft:white_concrete":528,"securitycraft:alarm":1,"cfm:stone_cabinet":2,"minecraft:smooth_stone":177,"minecraft:bone_meal":104,"minecraft:large_fern":2,"realistictorches:unlit_torch":20},"minecraft:custom":{"minecraft:interact_with_anvil":4,"minecraft:interact_with_crafting_table":2,"minecraft:play_one_minute":634436,"minecraft:leave_game":34,"minecraft:time_since_death":634436,"minecraft:climb_one_cm":862,"minecraft:time_since_rest":634436,"minecraft:sprint_one_cm":179120,"minecraft:walk_one_cm":347471,"minecraft:drop":20,"minecraft:damage_dealt":19,"minecraft:fly_one_cm":13003525,"minecraft:open_chest":20,"minecraft:crouch_one_cm":20660,"minecraft:sneak_time":34147,"minecraft:walk_under_water_one_cm":857,"minecraft:aviate_one_cm":95127,"minecraft:jump":910,"minecraft:walk_on_water_one_cm":3754}},"DataVersion":2586}