{
    "CompleterNpc": "Лёха",
    "NextQuestId": -1,
    "RandomReward": 0b,
    "QuestRepeat": 0,
    "QuestCompletion": 0,
    "IgnoreNBT": 0b,
    "Title": "Ящики (НЕУДАЧА)",
    "Text": "Глава поселения явно не любит тех кто никак не помогает населению, так что я решил что нужно помочь ребятам. Зря я конечно пытался торговаться с только что знакомыми мне людьми. Я должен принести 3 дубовых ящика для склада, взамен мне дадут немного припасов (2 мяса и бутыль питьевой воды)",
    "QuestFactionPoints": {
        "DecreaseFaction1Points": 0b,
        "OptionFaction2Points": 10,
        "OptionFactions1": 4,
        "OptionFactions2": 5,
        "OptionFaction1Points": 5,
        "DecreaseFaction2Points": 0b
    },
    "RewardExp": 0,
    "QuestCommand": "execute as @dp run function tcz_quest_functions:orambo/crate_quest_end",
    "ModRev": 18,
    "Type": 0,
    "QuestMail": {
        "Sender": "",
        "BeenRead": 0b,
        "Message": {
        },
        "MailItems": [
        ],
        "MailQuest": -1,
        "TimePast": 1653365567559L,
        "Time": 0L,
        "Subject": ""
    },
    "IgnoreDamage": 0b,
    "Rewards": {
        "NpcMiscInv": [
            {
                "Slot": 0b,
                "ForgeCaps": {
                    "customnpcs:itemscripteddata": {
                    }
                },
                "id": "toughasnails:purified_water_bottle",
                "Count": 1b
            },
            {
                "Slot": 1b,
                "ForgeCaps": {
                    "customnpcs:itemscripteddata": {
                    }
                },
                "id": "minecraft:cooked_porkchop",
                "Count": 2b
            }
        ]
    },
    "Items": {
        "NpcMiscInv": [
            {
                "Slot": 0b,
                "ForgeCaps": {
                    "customnpcs:itemscripteddata": {
                    }
                },
                "id": "cfm:oak_crate",
                "Count": 3b
            }
        ]
    },
    "LeaveItems": 0b,
    "CompleteText": "Хорошая работа! Держи припасы!"
}
