{
    "CompleterNpc": "Лёха",
    "NextQuestId": -1,
    "RandomReward": 0b,
    "QuestRepeat": 0,
    "QuestCompletion": 0,
    "IgnoreNBT": 0b,
    "Title": "Дуб для забора",
    "Text": "Поселение собралось построить забор вокруг базы, для этого им нужны материалы - дуб. 16 штук. Почему я в их глазах лесоруб?",
    "QuestFactionPoints": {
        "DecreaseFaction1Points": 0b,
        "OptionFaction2Points": 10,
        "OptionFactions1": 4,
        "OptionFactions2": 5,
        "OptionFaction1Points": 5,
        "DecreaseFaction2Points": 0b
    },
    "RewardExp": 0,
    "QuestCommand": "execute as @dp run function tcz_quest_functions:orambo/fence_quest_end",
    "ModRev": 18,
    "Type": 0,
    "QuestMail": {
        "Sender": "",
        "BeenRead": 0b,
        "Message": {
        },
        "MailItems": [
        ],
        "MailQuest": -1,
        "TimePast": 1653365549745L,
        "Time": 0L,
        "Subject": ""
    },
    "IgnoreDamage": 0b,
    "Rewards": {
        "NpcMiscInv": [
            {
                "Slot": 0b,
                "ForgeCaps": {
                    "customnpcs:itemscripteddata": {
                    }
                },
                "id": "firstaid:bandage",
                "Count": 4b
            },
            {
                "Slot": 1b,
                "ForgeCaps": {
                    "customnpcs:itemscripteddata": {
                    }
                },
                "id": "firstaid:morphine",
                "Count": 1b
            }
        ]
    },
    "Items": {
        "NpcMiscInv": [
            {
                "Slot": 0b,
                "ForgeCaps": {
                    "customnpcs:itemscripteddata": {
                    }
                },
                "id": "minecraft:oak_log",
                "Count": 16b
            }
        ]
    },
    "LeaveItems": 0b,
    "CompleteText": "Отлично! Это нам очень поможет! Медикаменты твои!"
}
